Student,land,universiteit,Faculteit student
1,Netherlands,Universiteit Maastricht,Fac. Psychologie en Pedagogische Wet.
2,Austria,Universit�t Wien,Fac. Psychologie en Pedagogische Wet.
3,Austria,Universit�t Wien,Faculteit Rechtsgeleerdheid
4,Austria,Technische Universit�t Graz,Faculteit Ingenieurswetenschappen
5,Austria,Wirtschaftsuniversit�t Wien,Faculteit Economie en Bedrijfswetensch.
6,Austria,Universit�t Wien,Fac. Psychologie en Pedagogische Wet.
7,Austria,Wirtschaftsuniversit�t Wien,Faculteit Ingenieurswetenschappen
8,Austria,Universit�t Wien,Faculteit Farmaceutische Wetenschappen
9,Austria,Technische Universit�t Graz,Faculteit Ingenieurswetenschappen
10,Austria,Universit�t Wien,Faculteit Rechtsgeleerdheid
11,Austria,Technische Universit�t Graz,Faculteit Ingenieurswetenschappen
12,Austria,Universit�t Wien,Faculteit Theologie en Religiewetensch.
13,Austria,MEDIZINISCHE UNIVERSITAET INNSBRUCK,Faculteit Geneeskunde
14,Cyprus,Panepistimio Kyprou,Fac. Psychologie en Pedagogische Wet.
15,Cyprus,Panepistimio Kyprou,Fac. Psychologie en Pedagogische Wet.
16,Cyprus,Panepistimio Kyprou,Fac. Psychologie en Pedagogische Wet.
17,Czech Republic,Univerzita J.E. Purkyne v Ust� Nad Labem,Fac. Psychologie en Pedagogische Wet.
18,Czech Republic,Univerzita J.E. Purkyne v Ust� Nad Labem,Fac. Psychologie en Pedagogische Wet.
19,Czech Republic,Univerzita Palack�ho v Olomouci,Faculteit Sociale Wetenschappen
20,Czech Republic,Cesk� Zemedelsk� Univerzita v Praze,Faculteit Bio-ingenieurswetenschappen
21,Czech Republic,Univerzita Palack�ho v Olomouci,Faculteit Letteren
22,Czech Republic,Univerzita Karlova v Praze,FaBeR
23,Czech Republic,Cesk� Zemedelsk� Univerzita v Praze,Faculteit Bio-ingenieurswetenschappen
24,Czech Republic,Cesk� Zemedelsk� Univerzita v Praze,Faculteit Sociale Wetenschappen
25,Czech Republic,Cesk� Vysok� Ucen� Technick� v Praze,Faculteit Economie en Bedrijfswetensch.
26,Czech Republic,Cesk� Zemedelsk� Univerzita v Praze,Faculteit Bio-ingenieurswetenschappen
27,Czech Republic,Vysok� Skola Chemicko-Technologick� v Pr,Faculteit Bio-ingenieurswetenschappen
28,Czech Republic,Vysok� Skola Chemicko-Technologick� v Pr,Faculteit Bio-ingenieurswetenschappen
29,Czech Republic,Vysok� Skola Chemicko-Technologick� v Pr,Faculteit Bio-ingenieurswetenschappen
30,Czech Republic,Cesk� Vysok� Ucen� Technick� v Praze,Faculteit Economie en Bedrijfswetensch.
31,Czech Republic,Vysok� Skola Chemicko-Technologick� v Pr,Faculteit Bio-ingenieurswetenschappen
32,Czech Republic,Univerzita Karlova v Praze,Faculteit Rechtsgeleerdheid
33,Czech Republic,Jihocesk� Univerzita v Ceskych Budejovic,Faculteit Theologie en Religiewetensch.
34,Czech Republic,Univerzita Palack�ho v Olomouci,Faculteit Theologie en Religiewetensch.
35,Czech Republic,Ostravsk� Univerzita v Ostrava,Faculteit Wetenschappen
36,Czech Republic,Ostravsk� Univerzita v Ostrava,Faculteit Wetenschappen
37,Czech Republic,Univerzita Karlova v Praze,FaBeR
38,Czech Republic,Univerzita Pardubice,Hoger Instituut voor Wijsbegeerte
39,Czech Republic,Univerzita Karlova v Praze,FaBeR
40,Czech Republic,Univerzita Palack�ho v Olomouci,Faculteit Sociale Wetenschappen
41,Czech Republic,Univerzita Karlova v Praze,Faculteit Rechtsgeleerdheid
42,Czech Republic,Univerzita Palack�ho v Olomouci,Faculteit Sociale Wetenschappen
43,Czech Republic,Cesk� Zemedelsk� Univerzita v Praze,Faculteit Bio-ingenieurswetenschappen
44,Czech Republic,Univerzita Karlova v Praze,Faculteit Rechtsgeleerdheid
45,Czech Republic,Masarykov� Univerzita v Brne,Faculteit Letteren
46,Czech Republic,Vysok� Skola Chemicko-Technologick� v Pr,Faculteit Ingenieurswetenschappen
47,Czech Republic,Univerzita Karlova v Praze,Faculteit Theologie en Religiewetensch.
48,Germany,Universit�t Hannover,Faculteit Rechtsgeleerdheid
49,Germany,Technische Universit�t Dresden - TU Dres,Faculteit Geneeskunde
50,Germany,Technische Universit�t Dresden - TU Dres,Faculteit Geneeskunde
51,Germany,Heinrich-Heine-Universit�t D�sseldorf,Faculteit Geneeskunde
52,Germany,Christian-Albrechts-Universit�t zu Kiel,Faculteit Economie en Bedrijfswetensch.
53,Germany,Universit�t Erfurt,Fac. Psychologie en Pedagogische Wet.
54,Germany,Heinrich-Heine-Universit�t D�sseldorf,Faculteit Rechtsgeleerdheid
55,Germany,Universit�t Bayreuth,Faculteit Rechtsgeleerdheid
56,Germany,Georg-August-Universit�t G�ttingen,Faculteit Economie en Bedrijfswetensch.
57,Germany,Eberhard-Karls-Universit�t T�bingen,Faculteit Economie en Bedrijfswetensch.
58,Germany,Ludwig-Maximilians-Universit�t M�nchen,Faculteit Economie en Bedrijfswetensch.
59,Germany,Westf�lische Wilhelms-Universit�t M�nster,Faculteit Letteren
60,Germany,Christian-Albrechts-Universit�t zu Kiel,Faculteit Economie en Bedrijfswetensch.
61,Germany,Georg-August-Universit�t G�ttingen,Faculteit Rechtsgeleerdheid
62,Germany,Europa-Universit�t Viadrina Frankfurt an der Oder,Faculteit Economie en Bedrijfswetensch.
63,Germany,Universit�t Erfurt,Fac. Psychologie en Pedagogische Wet.
64,Germany,Ludwig-Maximilians-Universit�t M�nchen,Faculteit Economie en Bedrijfswetensch.
65,Germany,Bergische Universit�t - Gesamthochschule,Hoger Instituut voor Wijsbegeerte
66,Germany,Universit�t Regensburg,Faculteit Economie en Bedrijfswetensch.
67,Germany,Universit�t Regensburg,Faculteit Economie en Bedrijfswetensch.
68,Germany,Ludwig-Maximilians-Universit�t M�nchen,Faculteit Economie en Bedrijfswetensch.
69,Germany,Ludwig-Maximilians-Universit�t M�nchen,Faculteit Rechtsgeleerdheid
70,Germany,Ludwig-Maximilians-Universit�t M�nchen,Faculteit Rechtsgeleerdheid
71,Germany,Universit�t Bayreuth,Hoger Instituut voor Wijsbegeerte
72,Germany,Georg-August-Universit�t G�ttingen,Faculteit Economie en Bedrijfswetensch.
73,Germany,Universit�t Regensburg,Faculteit Economie en Bedrijfswetensch.
74,Germany,Universit�t Mannheim,Faculteit Economie en Bedrijfswetensch.
75,Germany,Bayerische Julius-Maximilians-Universit�,Faculteit Economie en Bedrijfswetensch.
76,Germany,Eberhard-Karls-Universit�t T�bingen,Faculteit Economie en Bedrijfswetensch.
77,Germany,Universit�t Hamburg,Faculteit Rechtsgeleerdheid
78,Germany,Universit�t Regensburg,Faculteit Economie en Bedrijfswetensch.
79,Germany,Universit�t Bayreuth,Faculteit Rechtsgeleerdheid
80,Germany,Ludwig-Maximilians-Universit�t M�nchen,Faculteit Economie en Bedrijfswetensch.
81,Germany,Christian-Albrechts-Universit�t zu Kiel,Faculteit Economie en Bedrijfswetensch.
82,Germany,Bayerische Julius-Maximilians-Universit�,Faculteit Economie en Bedrijfswetensch.
83,Germany,Georg-August-Universit�t G�ttingen,Faculteit Economie en Bedrijfswetensch.
84,Germany,Georg-August-Universit�t G�ttingen,Faculteit Economie en Bedrijfswetensch.
85,Germany,Heinrich-Heine-Universit�t D�sseldorf,Faculteit Geneeskunde
86,Germany,Heinrich-Heine-Universit�t D�sseldorf,Faculteit Geneeskunde
87,Germany,Universit�t Bremen,Faculteit Ingenieurswetenschappen
88,Germany,Technische Universit�t Chemnitz-Zwickau,Faculteit Ingenieurswetenschappen
89,Germany,Universit�t Trier,Fac. Psychologie en Pedagogische Wet.
90,Germany,Georg-August-Universit�t G�ttingen,Faculteit Economie en Bedrijfswetensch.
91,Germany,Universit�t Passau,Faculteit Rechtsgeleerdheid
92,Germany,Europa-Universit�t Viadrina Frankfurt,Faculteit Economie en Bedrijfswetensch.
93,Germany,Ruprecht-Karls-Universit�t Heidelberg,Faculteit Sociale Wetenschappen
94,Germany,Bayerische Julius-Maximilians-Universit�,Faculteit Rechtsgeleerdheid
95,Germany,Humboldt-Universit�t zu Berlin,Faculteit Rechtsgeleerdheid
96,Germany,Universit�t Hannover,Faculteit Rechtsgeleerdheid
97,Germany,Universit�t Hannover,Faculteit Rechtsgeleerdheid
98,Germany,Eberhard-Karls-Universit�t T�bingen,Faculteit Economie en Bedrijfswetensch.
99,Germany,Bayerische Julius-Maximilians-Universit�,Faculteit Rechtsgeleerdheid
100,Germany,Eberhard-Karls-Universit�t T�bingen,Faculteit Letteren
101,Germany,Universit�t Hohenheim,Faculteit Economie en Bedrijfswetensch.
102,Germany,Ludwig-Maximilians-Universit�t M�nchen,Faculteit Rechtsgeleerdheid
103,Germany,Ludwig-Maximilians-Universit�t M�nchen,Faculteit Rechtsgeleerdheid
104,Germany,Ludwig-Maximilians-Universit�t M�nchen,Faculteit Letteren
105,Germany,Westf�lische Wilhelms-Uni M�nster,Faculteit Rechtsgeleerdheid
106,Germany,Universit�t Kaiserslautern,Faculteit Ingenieurswetenschappen
107,Germany,Rheinische Friedrich-Wilhelms-Universit�,Faculteit Rechtsgeleerdheid
108,Germany,Rheinische Friedrich-Wilhelms-Universit�,Faculteit Bio-ingenieurswetenschappen
109,Germany,Ludwig-Maximilians-Universit�t M�nchen,Faculteit Geneeskunde
110,Germany,Universit�t Hannover,Faculteit Rechtsgeleerdheid
111,Denmark,Kobenhavns Universitet,Faculteit Rechtsgeleerdheid
112,Denmark,Handelshojskolen i Kobenhavn,Faculteit Economie en Bedrijfswetensch.
113,Denmark,Kobenhavns Universitet,Faculteit Rechtsgeleerdheid
114,Denmark,Roskilde Universitetscenter,Faculteit Sociale Wetenschappen
115,Denmark,Kobenhavns Universitet,Faculteit Rechtsgeleerdheid
116,Denmark,Handelshojskolen i Kobenhavn,Faculteit Economie en Bedrijfswetensch.
117,Denmark,Danmarks Tekniske Universitet,Faculteit Bio-ingenieurswetenschappen
118,Denmark,Kobenhavns Universitet,Faculteit Rechtsgeleerdheid
119,Denmark,Arhus Universitet,Fac. Psychologie en Pedagogische Wet.
120,Denmark,Arhus Universitet,Faculteit Economie en Bedrijfswetensch.
121,Denmark,Handelshojskolen i Arhus,Faculteit Economie en Bedrijfswetensch.
122,Estonia,Tallina Tehnika�likool,Faculteit Sociale Wetenschappen
123,Spain,Universidad de Navarra,Faculteit Economie en Bedrijfswetensch.
124,Spain,Universidad de Barcelona,Faculteit Economie en Bedrijfswetensch.
125,Spain,Universitat Aut�noma de Barcelona,Faculteit Sociale Wetenschappen
126,Spain,Universidad de Barcelona,Faculteit Rechtsgeleerdheid
127,Spain,Mondragon Unibertsitatea,Faculteit Ingenieurswetenschappen
128,Spain,Mondragon Unibertsitatea,Faculteit Ingenieurswetenschappen
129,Spain,Mondragon Unibertsitatea,Faculteit Ingenieurswetenschappen
130,Spain,Mondragon Unibertsitatea,Faculteit Ingenieurswetenschappen
131,Spain,Universidad de Barcelona,Fac. Psychologie en Pedagogische Wet.
132,Spain,Universidad de Navarra,Faculteit Ingenieurswetenschappen
133,Spain,Universidad de Navarra,Faculteit Ingenieurswetenschappen
134,Spain,Universidad de Navarra,Faculteit Ingenieurswetenschappen
135,Spain,Universidad de Barcelona,Faculteit Wetenschappen
136,Spain,Universidad de Salamanca,Faculteit Bio-ingenieurswetenschappen
137,Spain,Universidad de Salamanca,Faculteit Bio-ingenieurswetenschappen
138,Spain,Universidad de Barcelona,Faculteit Economie en Bedrijfswetensch.
139,Spain,Universidad de Navarra,Faculteit Economie en Bedrijfswetensch.
140,Spain,Universidad Europea de Madrid - CEES,Faculteit Sociale Wetenschappen
141,Spain,Universidad San Jorge,Faculteit Sociale Wetenschappen
142,Spain,Universidad de Barcelona,Faculteit Economie en Bedrijfswetensch.
143,Spain,Universitat Aut�noma de Barcelona,Fac. Psychologie en Pedagogische Wet.
144,Spain,Universidad de Valencia,Faculteit Economie en Bedrijfswetensch.
145,Spain,Universidad Camilo Jos� Cela,Faculteit Sociale Wetenschappen
146,Spain,Universidad Camilo Jos� Cela,Fac. Psychologie en Pedagogische Wet.
147,Spain,Unversidad Ram�n Llull,Faculteit Sociale Wetenschappen
148,Spain,Universidad de Zaragoza,Faculteit Bio-ingenieurswetenschappen
149,Spain,Universidat Girona,Fac. Psychologie en Pedagogische Wet.
150,Spain,Universidad de C�rdoba,Faculteit Geneeskunde
151,Spain,Universidad Camilo Jos� Cela,Fac. Psychologie en Pedagogische Wet.
152,Spain,Universidad Camilo Jos� Cela,Fac. Psychologie en Pedagogische Wet.
153,Spain,Unversidad Ram�n Llull,Faculteit Sociale Wetenschappen
154,Spain,Unversidad Ram�n Llull,Faculteit Sociale Wetenschappen
155,Spain,Unversidad Ram�n Llull,Faculteit Sociale Wetenschappen
156,Spain,Universidad de Zaragoza,Faculteit Bio-ingenieurswetenschappen
157,Spain,Unversidad Ram�n Llull,Faculteit Sociale Wetenschappen
158,Spain,Universitat Aut�noma de Barcelona,Fac. Psychologie en Pedagogische Wet.
159,Spain,Universidad de Almer�a,Fac. Psychologie en Pedagogische Wet.
160,Spain,Universidad de Sevilla,Faculteit Letteren
161,Spain,Universidad Complutense de Madrid,Fac. Psychologie en Pedagogische Wet.
162,Spain,Universidad Complutense de Madrid,Fac. Psychologie en Pedagogische Wet.
163,Spain,Universidad Polit�cnica de Madrid,Faculteit Ingenieurswetenschappen
164,Spain,Universidad Polit�cnica de Madrid,Faculteit Ingenieurswetenschappen
165,Spain,Universidad Europea Miguel de Cervantes,Faculteit Sociale Wetenschappen
166,Spain,Universidat Polit�cnica de Catalu�a,Faculteit Ingenieurswetenschappen
167,Spain,Universidad de Salamanca,Faculteit Rechtsgeleerdheid
168,Spain,Universidad Complutense de Madrid,Faculteit Sociale Wetenschappen
169,Spain,Universidad Complutense de Madrid,Faculteit Sociale Wetenschappen
170,Spain,Universidad de Granada,Faculteit Wetenschappen
171,Spain,Universidad de Sevilla,Fac. Psychologie en Pedagogische Wet.
172,Spain,Universidad de Valencia,Fac. Psychologie en Pedagogische Wet.
173,Spain,Universidad de Sevilla,Faculteit Rechtsgeleerdheid
174,Spain,Universidad Complutense de Madrid,Faculteit Sociale Wetenschappen
175,Spain,Universidat Polit�cnica de Catalu�a,Faculteit Ingenieurswetenschappen
176,Spain,Universidad de Salamanca,Faculteit Geneeskunde
177,Spain,Universidad de Valencia,Faculteit Economie en Bedrijfswetensch.
178,Spain,Universidad Europea Miguel de Cervantes,Faculteit Sociale Wetenschappen
179,Spain,Universidad Complutense de Madrid,Faculteit Rechtsgeleerdheid
180,Spain,Universidad de Valencia,Faculteit Rechtsgeleerdheid
181,Spain,Universidad de Valencia,Faculteit Economie en Bedrijfswetensch.
182,Spain,Universidad Polit�cnica de Valencia,Faculteit Geneeskunde
183,Spain,Universidad de Salamanca,Faculteit Bio-ingenieurswetenschappen
184,Spain,Mondragon Unibertsitatea,Faculteit Ingenieurswetenschappen
185,Spain,Universidad de Barcelona,Faculteit Economie en Bedrijfswetensch.
186,Spain,Universidat Polit�cnica de Catalu�a,Faculteit Ingenieurswetenschappen
187,Spain,Universidad de Zaragoza,Faculteit Bio-ingenieurswetenschappen
188,Spain,Universidad de Salamanca,Faculteit Bio-ingenieurswetenschappen
189,Spain,Universidad del Pa�s Vasco,Faculteit Ingenieurswetenschappen
190,Spain,Universidad de Sevilla,Faculteit Economie en Bedrijfswetensch.
191,Spain,Universidad Europea Miguel de Cervantes,Faculteit Sociale Wetenschappen
192,Spain,Universidad de Granada,Faculteit Ingenieurswetenschappen
193,Spain,Universitat Aut�noma de Barcelona,Faculteit Ingenieurswetenschappen
194,Spain,Universidad de Vigo,Faculteit Letteren
195,Spain,Universidad de Granada,Faculteit Letteren
196,Spain,Universidad de Salamanca,Faculteit Letteren
197,Spain,Universidad de Vigo,Faculteit Letteren
198,Spain,Universidad de Granada,Faculteit Letteren
199,Spain,Universidad de Valencia,Fac. Psychologie en Pedagogische Wet.
200,Spain,Universidad de Burgos,Faculteit Letteren
201,Spain,Universidad Complutense de Madrid,Faculteit Letteren
202,Spain,Universidad Complutense de Madrid,Faculteit Letteren
203,Spain,Universidad de Salamanca,Faculteit Economie en Bedrijfswetensch.
204,Spain,Universidad de Salamanca,Faculteit Economie en Bedrijfswetensch.
205,Spain,Universidad de Valencia,Fac. Psychologie en Pedagogische Wet.
206,Spain,Universitat Pompeu Fabra,Faculteit Economie en Bedrijfswetensch.
207,Spain,Universidad de Sevilla,Faculteit Economie en Bedrijfswetensch.
208,Spain,Universidad de Zaragoza,Faculteit Economie en Bedrijfswetensch.
209,Spain,Universidad de Salamanca,Faculteit Rechtsgeleerdheid
210,Spain,Universidad de Valencia,Fac. Psychologie en Pedagogische Wet.
211,Spain,Universidad San Jorge,Faculteit Sociale Wetenschappen
212,Spain,Universitat Aut�noma de Barcelona,Faculteit Ingenieurswetenschappen
213,Spain,Universitat Pompeu Fabra,Faculteit Economie en Bedrijfswetensch.
214,Spain,Universidad de Valencia,Faculteit Wetenschappen
215,Spain,Universidad de Salamanca,Faculteit Bio-ingenieurswetenschappen
216,Spain,Universidad Complutense de Madrid,Faculteit Sociale Wetenschappen
217,Spain,Universidad Complutense de Madrid,Faculteit Sociale Wetenschappen
218,Spain,Universidad de Sevilla,Faculteit Sociale Wetenschappen
219,Spain,Universidad de Valencia,Faculteit Economie en Bedrijfswetensch.
220,Spain,Universidad de Salamanca,Faculteit Rechtsgeleerdheid
221,Spain,Universidad Complutense de Madrid,Faculteit Bio-ingenieurswetenschappen
222,Spain,Universidad Complutense de Madrid,Fac. Psychologie en Pedagogische Wet.
223,Spain,Universidad de C�rdoba,Faculteit Bio-ingenieurswetenschappen
224,Spain,Universidad de Zaragoza,Faculteit Economie en Bedrijfswetensch.
225,Spain,Universidad Complutense de Madrid,Faculteit Letteren
226,Spain,Universidad de Zaragoza,Faculteit Bio-ingenieurswetenschappen
227,Spain,Universidad de Granada,Faculteit Bio-ingenieurswetenschappen
228,Spain,Universidad de Barcelona,Faculteit Rechtsgeleerdheid
229,Spain,Universidad de Zaragoza,Faculteit Economie en Bedrijfswetensch.
230,Spain,Universidad de C�rdoba,Faculteit Letteren
231,Spain,Universidad de Barcelona,Fac. Psychologie en Pedagogische Wet.
232,Spain,Universidad de Salamanca,Faculteit Letteren
233,Spain,Universidad de Salamanca,Faculteit Bio-ingenieurswetenschappen
234,Spain,Universidat Polit�cnica de Catalu�a,Faculteit Ingenieurswetenschappen
235,Spain,Universidad del Pa�s Vasco,Faculteit Rechtsgeleerdheid
236,Spain,Universidad Complutense de Madrid,Faculteit Sociale Wetenschappen
237,Spain,Universitat Pompeu Fabra,Faculteit Rechtsgeleerdheid
238,Spain,Universidad del Pa�s Vasco,Fac. Psychologie en Pedagogische Wet.
239,Spain,Universidad de Valencia,Fac. Psychologie en Pedagogische Wet.
240,Spain,Universidad Aut�noma de Madrid,Faculteit Rechtsgeleerdheid
241,Spain,Universidad de Almer�a,Fac. Psychologie en Pedagogische Wet.
242,Spain,Universidad de Valencia,Fac. Psychologie en Pedagogische Wet.
243,Spain,Universidad de Valencia,Fac. Psychologie en Pedagogische Wet.
244,Spain,Universidad de Valencia,Fac. Psychologie en Pedagogische Wet.
245,Spain,Universidad de Salamanca,Fac. Psychologie en Pedagogische Wet.
246,Spain,Universidad Polit�cnica de Madrid,Faculteit Ingenieurswetenschappen
247,Spain,Universidad de Salamanca,Fac. Psychologie en Pedagogische Wet.
248,Spain,Universidad de Vigo,Faculteit Ingenieurswetenschappen
249,Spain,Universidad de Almer�a,Fac. Psychologie en Pedagogische Wet.
250,Spain,Universidad Polit�cnica de Madrid,Faculteit Ingenieurswetenschappen
251,Spain,Universidad de Valencia,Fac. Psychologie en Pedagogische Wet.
252,Spain,Universidad Europea de Madrid - CEES,Faculteit Wetenschappen
253,Spain,Universidad de Vigo,Faculteit Ingenieurswetenschappen
254,Spain,Universidad de Valencia,Faculteit Economie en Bedrijfswetensch.
255,Spain,Universidad de Oviedo,Faculteit Ingenieurswetenschappen
256,Spain,Universidad de Oviedo,Faculteit Ingenieurswetenschappen
257,Spain,Universidad de Barcelona,Fac. Psychologie en Pedagogische Wet.
258,Spain,Universidad de Salamanca,Fac. Psychologie en Pedagogische Wet.
259,Spain,Universidad de Granada,Faculteit Rechtsgeleerdheid
260,Spain,Universidad de Granada,Faculteit Bio-ingenieurswetenschappen
261,Spain,Universidad de Salamanca,Faculteit Bio-ingenieurswetenschappen
262,Spain,Universidad de Salamanca,Faculteit Bio-ingenieurswetenschappen
263,Spain,Universidad de Granada,Faculteit Bio-ingenieurswetenschappen
264,Spain,Universidad Complutense de Madrid,Faculteit Rechtsgeleerdheid
265,Spain,Universidad de C�rdoba,Faculteit Bio-ingenieurswetenschappen
266,Spain,Universidad de Granada,Faculteit Bio-ingenieurswetenschappen
267,Spain,Universidad de Granada,Faculteit Wetenschappen
268,Spain,Universidad de Almer�a,Fac. Psychologie en Pedagogische Wet.
269,Spain,Universidad Polit�cnica de Madrid,Faculteit Ingenieurswetenschappen
270,Spain,Universidad de Granada,Faculteit Letteren
271,Spain,Universitat Aut�noma de Barcelona,Faculteit Ingenieurswetenschappen
272,Spain,Universidad Polit�cnica de Madrid,Faculteit Ingenieurswetenschappen
273,Spain,Universidad de Sevilla,Faculteit Rechtsgeleerdheid
274,Spain,Universidad de Valencia,Faculteit Rechtsgeleerdheid
275,Spain,Universidad Polit�cnica de Madrid,Faculteit Ingenieurswetenschappen
276,Spain,Universidad de Las Palmas de Gran Canari,Faculteit Ingenieurswetenschappen
277,Spain,Universidad Aut�noma de Madrid,Faculteit Rechtsgeleerdheid
278,Spain,Universidad Aut�noma de Madrid,Faculteit Rechtsgeleerdheid
279,Spain,Universidad de Sevilla,Fac. Psychologie en Pedagogische Wet.
280,Spain,Universidad de Sevilla,Fac. Psychologie en Pedagogische Wet.
281,Spain,Universidad de Sevilla,Fac. Psychologie en Pedagogische Wet.
282,Spain,Universidad Aut�noma de Madrid,Faculteit Sociale Wetenschappen
283,Spain,Universidad del Pa�s Vasco,Faculteit Economie en Bedrijfswetensch.
284,Spain,Universidad del Pa�s Vasco,Faculteit Economie en Bedrijfswetensch.
285,Spain,Universidad de Sevilla,Fac. Psychologie en Pedagogische Wet.
286,Spain,Universidad de Sevilla,Faculteit Ingenieurswetenschappen
287,Spain,Universidad de Granada,Faculteit Ingenieurswetenschappen
288,Spain,Universidad de Granada,Faculteit Rechtsgeleerdheid
289,Spain,Universidad Polit�cnica de Madrid,Faculteit Ingenieurswetenschappen
290,Spain,Universidad de Salamanca,Faculteit Geneeskunde
291,Spain,Universidad de Valencia,Faculteit Geneeskunde
292,Spain,Universidad Complutense de Madrid,Faculteit Rechtsgeleerdheid
293,Spain,Universidad de Sevilla,Faculteit Ingenieurswetenschappen
294,Spain,Universidad Complutense de Madrid,Faculteit Rechtsgeleerdheid
295,Spain,Universidad de Sevilla,Faculteit Ingenieurswetenschappen
296,Spain,Universidad de Valencia,Faculteit Economie en Bedrijfswetensch.
297,Spain,Universidad de Deusto,Faculteit Rechtsgeleerdheid
298,Spain,Universidad de Vigo,Faculteit Ingenieurswetenschappen
299,Spain,Universidad de Salamanca,Faculteit Rechtsgeleerdheid
300,Spain,Universidad de Granada,Faculteit Rechtsgeleerdheid
301,Spain,Universidad de Deusto,Faculteit Rechtsgeleerdheid
302,Spain,Universidad de Deusto,Faculteit Rechtsgeleerdheid
303,Spain,Universidad de Granada,Faculteit Rechtsgeleerdheid
304,Spain,Universidad Complutense de Madrid,Faculteit Rechtsgeleerdheid
305,Spain,Universidad de Granada,Faculteit Bio-ingenieurswetenschappen
306,Spain,Universidad de Granada,Faculteit Economie en Bedrijfswetensch.
307,Finland,Helsingin Yliopisto,Fac. Psychologie en Pedagogische Wet.
308,Finland,Helsingin Yliopisto,Faculteit Rechtsgeleerdheid
309,Finland,Jyv�skyl�n Yliopisto,Fac. Psychologie en Pedagogische Wet.
310,Finland,Helsingin Yliopisto,Faculteit Rechtsgeleerdheid
311,Finland,Helsingin Yliopisto,Faculteit Rechtsgeleerdheid
312,Finland,Tampereen Yliopisto,Faculteit Sociale Wetenschappen
313,Finland,Turun Yliopisto,Faculteit Rechtsgeleerdheid
314,Finland,Tampereen Yliopisto,Faculteit Sociale Wetenschappen
315,Finland,Helsingin Yliopisto,Faculteit Rechtsgeleerdheid
316,France,Universit� Toulouse 1 Sciences Sociales,Faculteit Rechtsgeleerdheid
317,France,Universit� Ren� Descartes (Paris V),Faculteit Rechtsgeleerdheid
318,France,Institut d'Etudes Politiques de Paris,Faculteit Sociale Wetenschappen
319,France,Institut d'Etudes Politiques de Paris,Faculteit Sociale Wetenschappen
320,France,Universit� de Versailles Saint-Quentin-e,Faculteit Rechtsgeleerdheid
321,France,Universit� de Versailles Saint-Quentin-e,Faculteit Rechtsgeleerdheid
322,France,Universit� de Rennes I,Faculteit Economie en Bedrijfswetensch.
323,France,E.M. Lyon (Ecole de Management),Faculteit Economie en Bedrijfswetensch.
324,France,Universit� de Rennes I,Faculteit Economie en Bedrijfswetensch.
325,France,Universit� de Rennes I,Faculteit Economie en Bedrijfswetensch.
326,France,Universit� de Rennes I,Faculteit Economie en Bedrijfswetensch.
327,France,Universit� de Montpellier I,Faculteit Rechtsgeleerdheid
328,France,Universit� de la Rochelle Technoforum,Faculteit Rechtsgeleerdheid
329,France,Universit� de la Rochelle Technoforum,Faculteit Rechtsgeleerdheid
330,France,Universit� de Montpellier I,Faculteit Rechtsgeleerdheid
331,France,Universit� de la Rochelle Technoforum,Faculteit Rechtsgeleerdheid
332,France,Universit� Fran�ois Rabelais (Tours),Faculteit Rechtsgeleerdheid
333,France,Universit� de Rennes I,Faculteit Rechtsgeleerdheid
334,France,Universit� de Versailles Saint-Quentin-e,Faculteit Rechtsgeleerdheid
335,France,Universit� de Poitiers,Faculteit Economie en Bedrijfswetensch.
336,France,Universit� de Rennes I,Faculteit Rechtsgeleerdheid
337,France,Universit� du Droit et de la Sant� Lille,Faculteit Rechtsgeleerdheid
338,France,Universit� de Poitiers,Faculteit Economie en Bedrijfswetensch.
339,France,Universit� de Poitiers,Faculteit Economie en Bedrijfswetensch.
340,France,Universit� de Poitiers,Faculteit Economie en Bedrijfswetensch.
341,France,Groupe ESC Normandie,Faculteit Economie en Bedrijfswetensch.
342,France,Universit� de Versailles Saint-Quentin-e,Faculteit Rechtsgeleerdheid
343,France,Universit� de Rouen Haute-Normandie,Faculteit Wetenschappen
344,France,Universit� du Droit et de la Sant� Lille,Faculteit Rechtsgeleerdheid
345,France,Universit� Toulouse 1 Sciences Sociales,Faculteit Rechtsgeleerdheid
346,France,Universit� Montesquieu Bordeaux IV,Faculteit Rechtsgeleerdheid
347,France,Universit� Jean Moulin (Lyon III),Faculteit Rechtsgeleerdheid
348,France,Universit� Montesquieu Bordeaux IV,Faculteit Rechtsgeleerdheid
349,France,Universit� d'Orl�ans,Faculteit Rechtsgeleerdheid
350,France,Universit� Jean Moulin (Lyon III),Faculteit Rechtsgeleerdheid
351,United Kingdom,University of Aberdeen,Faculteit Rechtsgeleerdheid
352,United Kingdom,King's College London (University of Lon,Faculteit Rechtsgeleerdheid
353,United Kingdom,University of Durham,Faculteit Rechtsgeleerdheid
354,United Kingdom,University of Cambridge,Faculteit Letteren
355,United Kingdom,University of Leeds,Faculteit Letteren
356,United Kingdom,Queen's University of Belfast,Faculteit Letteren
357,United Kingdom,University of Leeds,Faculteit Letteren
358,United Kingdom,Queen's University of Belfast,Faculteit Letteren
359,United Kingdom,University of Leicester,Faculteit Economie en Bedrijfswetensch.
360,United Kingdom,University of Nottingham,Faculteit Letteren
361,United Kingdom,University of Leeds,Faculteit Rechtsgeleerdheid
362,United Kingdom,Queen Mary and Westfield College (Univer,Faculteit Rechtsgeleerdheid
363,United Kingdom,Queen Mary and Westfield College (Univer,Faculteit Rechtsgeleerdheid
364,United Kingdom,University of Leeds,Faculteit Letteren
365,United Kingdom,Queen Mary and Westfield College (Univer,Faculteit Rechtsgeleerdheid
366,United Kingdom,Queen Mary and Westfield College (Univer,Faculteit Rechtsgeleerdheid
367,United Kingdom,University of Edinburgh,Faculteit Rechtsgeleerdheid
368,United Kingdom,University of Edinburgh,Faculteit Sociale Wetenschappen
369,United Kingdom,University of Leeds,Faculteit Rechtsgeleerdheid
370,United Kingdom,Institute of Archaeology (University Col,Faculteit Rechtsgeleerdheid
371,United Kingdom,King's College London (University of Lon,Faculteit Rechtsgeleerdheid
372,United Kingdom,University of Southampton,Faculteit Rechtsgeleerdheid
373,United Kingdom,University of Newcastle upon Tyne,Faculteit Ingenieurswetenschappen
374,United Kingdom,University of Edinburgh,Faculteit Sociale Wetenschappen
375,United Kingdom,University of Southampton,Faculteit Rechtsgeleerdheid
376,United Kingdom,University of Aberdeen,Faculteit Rechtsgeleerdheid
377,Greece,Panepistimio Pireos,Faculteit Ingenieurswetenschappen
378,Greece,Panepistimio Pireos,Faculteit Ingenieurswetenschappen
379,Greece,Dimokritio Panepistimio Thrakis,Faculteit Ingenieurswetenschappen
380,Greece,Dimokritio Panepistimio Thrakis,Faculteit Ingenieurswetenschappen
381,Greece,Ikonomiko Panepistimio Athinon (Athens University of Economics and Business),Faculteit Economie en Bedrijfswetensch.
382,Greece,Ikonomiko Panepistimio Athinon (Athens U,Faculteit Economie en Bedrijfswetensch.
383,Greece,Aristotelio Panepistimio Thessalonikis,Faculteit Ingenieurswetenschappen
384,Greece,Panepistimio Thessalias,Faculteit Bio-ingenieurswetenschappen
385,Greece,Aristotelio Panepistimio Thessalonikis,Faculteit Rechtsgeleerdheid
386,Greece,Aristotelio Panepistimio Thessalonikis,Faculteit Rechtsgeleerdheid
387,Greece,Ethniko kai Kapodistriako Panepistimio A,Faculteit Theologie en Religiewetensch.
388,Greece,Ethniko kai Kapodistriako Panepistimio A,Faculteit Theologie en Religiewetensch.
389,Greece,Panepistimio Ioanninon,Faculteit Wetenschappen
390,Greece,Charokopio Panepistimio,Faculteit Ingenieurswetenschappen
391,Greece,Ethniko Metsovio Polytechnio,Faculteit Ingenieurswetenschappen
392,Greece,Ethniko Metsovio Polytechnio,Faculteit Ingenieurswetenschappen
393,Greece,Panepistimio Pireos,Faculteit Ingenieurswetenschappen
394,Greece,Dimokritio Panepistimio Thrakis,Faculteit Ingenieurswetenschappen
395,Greece,Ikonomiko Panepistimio Athinon (Athens U,Faculteit Economie en Bedrijfswetensch.
396,Croatia,University of Josip Juraj Strossmayer,Faculteit Geneeskunde
397,Croatia,University of Zagreb,Faculteit Ingenieurswetenschappen
398,Croatia,University of Zagreb,Faculteit Ingenieurswetenschappen
399,Hungary,E�tv�s Lor�nd Tudom�nyegyetem,Faculteit Rechtsgeleerdheid
400,Hungary,Sapientia School of Theology,Faculteit Theologie en Religiewetensch.
401,Hungary,P�zm�ny P�ter Katolikus Egyetem,Faculteit Theologie en Religiewetensch.
402,Hungary,P�zm�ny P�ter Katolikus Egyetem,Faculteit Letteren
403,Hungary,Szegedi Tudom�nyegyetem (University of S,Fac. Psychologie en Pedagogische Wet.
404,Hungary,K�roli G�sp�r Reform�tus Egyetem,Faculteit Letteren
405,Hungary,K�roli G�sp�r Reform�tus Egyetem,Faculteit Letteren
406,Hungary,Szegedi Tudom�nyegyetem (University of S,Fac. Psychologie en Pedagogische Wet.
407,Hungary,K�roli G�sp�r Reform�tus Egyetem,Hoger Instituut voor Wijsbegeerte
408,Hungary,E�tv�s Lor�nd Tudom�nyegyetem,Faculteit Rechtsgeleerdheid
409,Hungary,Debreceni Egyetem,Faculteit Wetenschappen
410,Hungary,P�csi Tudom�nyegyetem,Faculteit Geneeskunde
411,Hungary,Corvinus University,Faculteit Sociale Wetenschappen
412,Hungary,P�zm�ny P�ter Katolikus Egyetem,Faculteit Letteren
413,Hungary,P�zm�ny P�ter Katolikus Egyetem,Faculteit Ingenieurswetenschappen
414,Hungary,P�zm�ny P�ter Katolikus Egyetem,Faculteit Ingenieurswetenschappen
415,Hungary,P�zm�ny P�ter Katolikus Egyetem,Faculteit Ingenieurswetenschappen
416,Hungary,P�zm�ny P�ter Katolikus Egyetem,Faculteit Ingenieurswetenschappen
417,Hungary,Sapientia School of Theology,Faculteit Theologie en Religiewetensch.
418,Hungary,Debreceni Egyetem,Faculteit Wetenschappen
419,Hungary,E�tv�s Lor�nd Tudom�nyegyetem,Faculteit Rechtsgeleerdheid
420,Hungary,K�roli G�sp�r Reform�tus Egyetem,Faculteit Letteren
421,Hungary,Corvinus University,Faculteit Sociale Wetenschappen
422,Hungary,P�csi Tudom�nyegyetem,Fac. Psychologie en Pedagogische Wet.
423,Hungary,P�csi Tudom�nyegyetem,Fac. Psychologie en Pedagogische Wet.
424,Hungary,Szent Istv�n Egyetem,Faculteit Bio-ingenieurswetenschappen
425,Hungary,P�csi Tudom�nyegyetem,Faculteit Geneeskunde
426,Hungary,E�tv�s Lor�nd Tudom�nyegyetem,Faculteit Wetenschappen
427,Hungary,K�roli G�sp�r Reform�tus Egyetem,Faculteit Letteren
428,Hungary,Corvinus University,Faculteit Sociale Wetenschappen
429,Ireland,National University of Ireland - Galway,Faculteit Letteren
430,Ireland,National University of Ireland - Galway,Faculteit Letteren
431,Ireland,National University of Ireland - Galway,Faculteit Economie en Bedrijfswetensch.
432,Ireland,Dublin University, Trinity College Dubli,Faculteit Rechtsgeleerdheid
433,Ireland,National University of Ireland - Galway,Faculteit Sociale Wetenschappen
434,Ireland,Dublin University, Trinity College Dubli,Faculteit Rechtsgeleerdheid
435,Ireland,Dublin University, Trinity College Dubli,Faculteit Theologie en Religiewetensch.
436,Iceland,H�sk�li �slands,Faculteit Rechtsgeleerdheid
437,Iceland,H�sk�li �slands,Faculteit Rechtsgeleerdheid
438,Iceland,H�sk�li �slands,Faculteit Rechtsgeleerdheid
439,Iceland,H�sk�li �slands,Faculteit Rechtsgeleerdheid
440,Italy,Universit� degli Studi di Milano,Hoger Instituut voor Wijsbegeerte
441,Italy,Universit� degli Studi di Firenze,Faculteit Rechtsgeleerdheid
442,Italy,Seconda Universit� degli Studi di Milano,Faculteit Ingenieurswetenschappen
443,Italy,Universit� degli Studi di Trieste,Fac. Psychologie en Pedagogische Wet.
444,Italy,Universit� degli Studi di Padova,Faculteit Geneeskunde
445,Italy,Universit� degli Studi di Padova,Fac. Psychologie en Pedagogische Wet.
446,Italy,Politecnico di Milano,Faculteit Ingenieurswetenschappen
447,Italy,Universit� degli Studi di Napoli Fed. II,Hoger Instituut voor Wijsbegeerte
448,Italy,Universit� Cattolica del Sacro Cuore di,Faculteit Wetenschappen
449,Italy,Libera Universit� Internazionale degli S,Faculteit Rechtsgeleerdheid
450,Italy,Libera Universit� Internazionale degli S,Faculteit Rechtsgeleerdheid
451,Italy,Universit� Cattolica del Sacro Cuore di,Faculteit Rechtsgeleerdheid
452,Italy,Politecnico di Milano,Faculteit Ingenieurswetenschappen
453,Italy,Politecnico di Milano,Faculteit Ingenieurswetenschappen
454,Italy,Politecnico di Milano,Faculteit Ingenieurswetenschappen
455,Italy,Universit� degli Studi di Pavia,Faculteit Economie en Bedrijfswetensch.
456,Italy,Libera Universit� Internazionale degli S,Faculteit Rechtsgeleerdheid
457,Italy,Libera Universit� Internazionale degli S,Faculteit Rechtsgeleerdheid
458,Italy,Universit� degli Studi di Pavia,Faculteit Sociale Wetenschappen
459,Italy,Universit� degli Studi di Firenze,Faculteit Rechtsgeleerdheid
460,Italy,Universit� degli Studi di Perugia,Faculteit Letteren
461,Italy,Universit� degli Studi di Siena,Hoger Instituut voor Wijsbegeerte
462,Italy,Universit� degli Studi di Bologna,Faculteit Sociale Wetenschappen
463,Italy,Universit� degli Studi di Siena,Faculteit Economie en Bedrijfswetensch.
464,Italy,Universit� degli Studi di Siena,Faculteit Economie en Bedrijfswetensch.
465,Italy,Universit� degli Studi di Siena,Faculteit Economie en Bedrijfswetensch.
466,Italy,Libera Universit� Internazionale degli S,Faculteit Rechtsgeleerdheid
467,Italy,Universit� degli Studi di Pavia,Faculteit Economie en Bedrijfswetensch.
468,Italy,Universit� degli Studi di Padova,Faculteit Wetenschappen
469,Italy,Universit� degli Studi di Siena,Faculteit Sociale Wetenschappen
470,Italy,Universit� Cattolica del Sacro Cuore di,Faculteit Rechtsgeleerdheid
471,Italy,Universit� degli Studi di Firenze,Faculteit Rechtsgeleerdheid
472,Italy,Universit� degli Studi di Pavia,Faculteit Economie en Bedrijfswetensch.
473,Italy,Politecnico di Milano,Faculteit Ingenieurswetenschappen
474,Italy,Universit� degli Studi di Siena,Faculteit Rechtsgeleerdheid
475,Italy,Universit� degli Studi di Perugia,Faculteit Letteren
476,Italy,Universit� degli Studi di Trento,Faculteit Rechtsgeleerdheid
477,Italy,Universit� degli Studi di Firenze,Faculteit Ingenieurswetenschappen
478,Italy,Universit� degli Studi di Torino,Faculteit Economie en Bedrijfswetensch.
479,Italy,Libera Universit� Internazionale degli S,Faculteit Rechtsgeleerdheid
480,Italy,Universit� degli Studi di Napoli 'Federico II',Faculteit Ingenieurswetenschappen
481,Italy,Universit� degli Studi di Milano,Hoger Instituut voor Wijsbegeerte
482,Italy,Universit� degli Studi di Firenze,Faculteit Ingenieurswetenschappen
483,Italy,Universit� degli Studi di Trento,Fac. Psychologie en Pedagogische Wet.
484,Italy,Universit� degli Studi di Trento,Fac. Psychologie en Pedagogische Wet.
485,Italy,Universit� degli Studi di Palermo,Faculteit Sociale Wetenschappen
486,Italy,Universit� degli Studi di Torino,Faculteit Economie en Bedrijfswetensch.
487,Italy,Universit� degli Studi di Pavia,Hoger Instituut voor Wijsbegeerte
488,Italy,Universit� degli Studi di Padova,Fac. Psychologie en Pedagogische Wet.
489,Italy,Universit� degli Studi di Pavia,Faculteit Economie en Bedrijfswetensch.
490,Italy,Universit� degli Studi della Calabria,Faculteit Ingenieurswetenschappen
491,Italy,Universit� degli Studi della Calabria,Faculteit Ingenieurswetenschappen
492,Italy,Universit� degli Studi di Palermo,Faculteit Letteren
493,Italy,Universit� degli Studi di Firenze,Faculteit Ingenieurswetenschappen
494,Italy,Universit� degli Studi di Catania,Faculteit Letteren
495,Italy,Politecnico di Milano,Faculteit Ingenieurswetenschappen
496,Italy,Universit� degli Studi di Padova,FaBeR
497,Italy,Universit� degli Studi di Reggio Calabri,Faculteit Ingenieurswetenschappen
498,Italy,Universit� degli Studi di Reggio Calabri,Faculteit Ingenieurswetenschappen
499,Italy,Universit� degli Studi di Reggio Calabri,Faculteit Ingenieurswetenschappen
500,Italy,Universit� degli Studi di Pavia,Faculteit Rechtsgeleerdheid
501,Italy,Universit� degli Studi di Pavia,Faculteit Geneeskunde
502,Italy,Universit� degli Studi di Perugia,Faculteit Geneeskunde
503,Italy,Universit� degli Studi di Padova,Faculteit Geneeskunde
504,Italy,Universit� degli Studi di Torino,Faculteit Geneeskunde
505,Italy,Politecnico di Torino,Faculteit Ingenieurswetenschappen
506,Italy,Universit� degli Studi di Pavia,Faculteit Rechtsgeleerdheid
507,Italy,Universit� degli Studi di Urbino,Faculteit Letteren
508,Italy,Seconda Universit� degli Studi di Milano,Faculteit Wetenschappen
509,Italy,Politecnico di Torino,Faculteit Ingenieurswetenschappen
510,Italy,Universit� degli Studi di Roma 'Tor Verg,Faculteit Economie en Bedrijfswetensch.
511,Italy,Politecnico di Torino,Faculteit Ingenieurswetenschappen
512,Italy,Politecnico di Torino,Faculteit Ingenieurswetenschappen
513,Italy,Universit� degli Studi di Siena,Faculteit Rechtsgeleerdheid
514,Italy,Universit� degli Studi di Palermo,Faculteit Letteren
515,Italy,Universit� degli Studi di Bologna,Faculteit Sociale Wetenschappen
516,Italy,Universit� degli Studi di Udine,Fac. Psychologie en Pedagogische Wet.
517,Italy,Universit� degli Studi di Udine,Fac. Psychologie en Pedagogische Wet.
518,Italy,Universit� degli Studi di Pavia,Faculteit Letteren
519,Italy,Universit� degli Studi di Roma III,Faculteit Letteren
520,Italy,Universit� degli Studi di Napoli Fed. II,Faculteit Ingenieurswetenschappen
521,Italy,Universit� degli Studi di Napoli Fed. II,Faculteit Ingenieurswetenschappen
522,Italy,Universit� degli Studi di Napoli Fed. II,Faculteit Ingenieurswetenschappen
523,Italy,Istituto Universitario Orientale di Napo,Faculteit Letteren
524,Italy,Libera Universit� Internazionale degli S,Faculteit Rechtsgeleerdheid
525,Italy,Universit� degli Studi di Trento,Faculteit Rechtsgeleerdheid
526,Italy,Universit� degli Studi di Bologna,Faculteit Sociale Wetenschappen
527,Italy,Universit� degli Studi di Pavia,Faculteit Sociale Wetenschappen
528,Italy,Universit� Cattolica del Sacro Cuore di,Faculteit Letteren
529,Italy,Universit� degli Studi di Pavia,Faculteit Economie en Bedrijfswetensch.
530,Italy,Universit� Cattolica del Sacro Cuore di,Faculteit Rechtsgeleerdheid
531,Italy,Universit� degli Studi della Calabria,Faculteit Ingenieurswetenschappen
532,Italy,Universit� degli Studi di Roma 'Tor Verg,Faculteit Economie en Bedrijfswetensch.
533,Italy,Universit� degli Studi di Roma 'Tor Verg,Faculteit Economie en Bedrijfswetensch.
534,Italy,Universit� degli Studi di Firenze,Faculteit Rechtsgeleerdheid
535,Italy,Libera Universit� Internazionale degli S,Faculteit Rechtsgeleerdheid
536,Italy,Universit� degli Studi di Trento,Faculteit Rechtsgeleerdheid
537,Italy,Universit� degli Studi di Napoli Fed. II,Faculteit Ingenieurswetenschappen
538,Italy,Universit� degli Studi di Ferrara,Faculteit Rechtsgeleerdheid
539,Italy,Universit� degli Studi di Palermo,Faculteit Letteren
540,Italy,Universit� degli Studi di Catania,Faculteit Rechtsgeleerdheid
541,Italy,Universit� degli Studi di Trento,Faculteit Rechtsgeleerdheid
542,Italy,Universit� degli Studi di Ferrara,Faculteit Ingenieurswetenschappen
543,Italy,Universit� degli Studi di Catania,Faculteit Rechtsgeleerdheid
544,Italy,Universit� degli Studi di Venezia (Ca' F,Faculteit Letteren
545,Italy,Seconda Universit� degli Studi di Milano,Faculteit Wetenschappen
546,Italy,Universit� degli Studi di Padova,Faculteit Wetenschappen
547,Italy,Universit� degli Studi di Torino,Faculteit Economie en Bedrijfswetensch.
548,Italy,Universit� degli Studi di Parma,Faculteit Wetenschappen
549,Italy,Universit� degli Studi di Catania,Faculteit Letteren
550,Italy,Universit� degli Studi di Milano,Faculteit Geneeskunde
551,Italy,Universit� degli Studi di Milano,Faculteit Geneeskunde
552,Italy,Universit� degli Studi di Torino,Faculteit Economie en Bedrijfswetensch.
553,Italy,Universit� degli Studi di Messina,Faculteit Wetenschappen
554,Italy,Universit� degli Studi di Firenze,Faculteit Ingenieurswetenschappen
555,Italy,Universit� degli Studi di Milano,Faculteit Geneeskunde
556,Italy,Universit� degli Studi della Calabria,Faculteit Ingenieurswetenschappen
557,Italy,Universit� degli Studi della Calabria,Faculteit Ingenieurswetenschappen
"558,Italy,""Libera Universit� """"Campus Bio-Medico"""" di"",Faculteit Wetenschappen"
559,Italy,Universit� degli Studi della Calabria,Faculteit Bio-ingenieurswetenschappen
560,Italy,Universit� degli Studi della Calabria,Faculteit Bio-ingenieurswetenschappen
561,Italy,Universit� degli Studi della Calabria,Faculteit Ingenieurswetenschappen
562,Italy,Universit� degli Studi della Calabria,Faculteit Ingenieurswetenschappen
563,Italy,Universit� degli Studi di Napoli Fed. II,Hoger Instituut voor Wijsbegeerte
564,Italy,Universit� degli Studi di Bologna,Faculteit Sociale Wetenschappen
565,Italy,Politecnico di Milano,Faculteit Ingenieurswetenschappen
566,Italy,Politecnico di Milano,Faculteit Ingenieurswetenschappen
567,Italy,Universit� degli Studi di Perugia,Faculteit Geneeskunde
568,Italy,Universit� degli Studi di Perugia,Faculteit Geneeskunde
569,Italy,Universit� degli Studi di Perugia,Faculteit Wetenschappen
"570,Italy,""Libera Universit� """"Campus Bio-Medico"""" di"",Faculteit Geneeskunde"
"571,Italy,""Libera Universit� """"Campus Bio-Medico"""" di"",Faculteit Geneeskunde"
572,Italy,Scuola Superiore per Interpreti e Tradut,Faculteit Geneeskunde
"573,Italy,""Libera Universit� """"Campus Bio-Medico"""" di"",Faculteit Geneeskunde"
"574,Italy,""Libera Universit� """"Campus Bio-Medico"""" di"",Faculteit Geneeskunde"
575,Lithuania,Vytauto Didziojo Universitetas (Vytautas,Hoger Instituut voor Wijsbegeerte
576,Lithuania,Vytauto Didziojo Universitetas (Vytautas,Hoger Instituut voor Wijsbegeerte
577,Lithuania,Vilniaus Universitetas,Faculteit Letteren
578,Lithuania,Mykolas Romeris University (former Law U,Faculteit Rechtsgeleerdheid
579,Lithuania,Vilniaus Universitetas,Faculteit Letteren
580,Lithuania,Vilniaus Universitetas,Faculteit Letteren
581,Lithuania,Vilniaus Universitetas,Fac. Psychologie en Pedagogische Wet.
582,Lithuania,Vytauto Didziojo Universitetas (Vytautas,Faculteit Theologie en Religiewetensch.
583,Malta,Universit� T� Malta,Faculteit Rechtsgeleerdheid
584,Netherlands,Universiteit Maastricht,Faculteit Letteren
585,Netherlands,Technische Universiteit Eindhoven,Faculteit Ingenieurswetenschappen
586,Netherlands,Universiteit van Groningen,Faculteit Rechtsgeleerdheid
587,Netherlands,Vrije Universiteit Amsterdam,Faculteit Sociale Wetenschappen
588,Netherlands,Vrije Universiteit Amsterdam,Faculteit Sociale Wetenschappen
589,Netherlands,Universiteit Maastricht,Faculteit Letteren
590,Netherlands,Vrije Universiteit Amsterdam,Faculteit Sociale Wetenschappen
591,Netherlands,Universiteit Utrecht,Faculteit Theologie en Religiewetensch.
592,Netherlands,Technische Universiteit Eindhoven,Faculteit Sociale Wetenschappen
593,Netherlands,Radboud Universiteit Nijmegen,FaBeR
594,Netherlands,Van Hall Instituut (Rijks Agrarische Hog,Faculteit Bio-ingenieurswetenschappen
595,Netherlands,Universiteit Maastricht,Faculteit Letteren
596,Netherlands,Universiteit Maastricht,Faculteit Letteren
597,Netherlands,Radboud Universiteit Nijmegen,Faculteit Letteren
598,Netherlands,Universiteit Maastricht,Faculteit Rechtsgeleerdheid
599,Netherlands,Radboud Universiteit Nijmegen,Faculteit Letteren
600,Netherlands,Radboud Universiteit Nijmegen,Faculteit Rechtsgeleerdheid
601,Netherlands,Fontys Hogescholen Eindhoven,Faculteit Farmaceutische Wetenschappen
602,Netherlands,Universiteit van Groningen,Faculteit Rechtsgeleerdheid
603,Netherlands,Radboud Universiteit Nijmegen,Hoger Instituut voor Wijsbegeerte
604,Netherlands,Universiteit van Groningen,Faculteit Letteren
605,Netherlands,Universiteit Maastricht,Fac. Psychologie en Pedagogische Wet.
606,Netherlands,Radboud Universiteit Nijmegen,Faculteit Geneeskunde
607,Netherlands,Universiteit van Groningen,Fac. Psychologie en Pedagogische Wet.
608,Norway,Norges Handelsh�yskole,Faculteit Economie en Bedrijfswetensch.
609,Norway,Universitetet i Oslo,Faculteit Rechtsgeleerdheid
610,Norway,Norges Handelsh�yskole,Faculteit Economie en Bedrijfswetensch.
611,Poland,John Paul II Catholic University of Lubl,Faculteit Letteren
612,Poland,John Paul II Catholic University of Lubl,Hoger Instituut voor Wijsbegeerte
613,Poland,Politechnika Warszawska,Faculteit Ingenieurswetenschappen
614,Poland,Uniwersytet Jagiellonski,Faculteit Rechtsgeleerdheid
615,Poland,Uniwersytet Marii Curie - Sklodowskiej,Faculteit Rechtsgeleerdheid
616,Poland,Uniwersytet Marii Curie - Sklodowskiej,Faculteit Rechtsgeleerdheid
617,Poland,Uniwersytet Marii Curie - Sklodowskiej,Faculteit Rechtsgeleerdheid
618,Poland,Uniwersytet Jagiellonski,Faculteit Rechtsgeleerdheid
619,Poland,Uniwersytet Warszawski,Faculteit Rechtsgeleerdheid
620,Poland,Uniwersytet Jagiellonski,Fac. Psychologie en Pedagogische Wet.
621,Poland,Uniwersytet Marii Curie - Sklodowskiej,Faculteit Rechtsgeleerdheid
622,Poland,Uniwersytet Kardynala Stefana Wyszkynski,Faculteit Theologie en Religiewetensch.
623,Poland,Uniwersytet Jagiellonski,Faculteit Letteren
624,Poland,Uniwersytet Warszawski,Faculteit Rechtsgeleerdheid
625,Poland,Uniwersytet Wroclawski,Faculteit Sociale Wetenschappen
626,Poland,Uniwersytet Wroclawski,Faculteit Sociale Wetenschappen
627,Poland,Uniwersytet Warszawski,Faculteit Sociale Wetenschappen
628,Poland,Szkola Glowna Gospodarstwa Wiejskiego,Faculteit Bio-ingenieurswetenschappen
629,Poland,John Paul II Catholic University of Lubl,Faculteit Letteren
630,Poland,John Paul II Catholic University of Lubl,Hoger Instituut voor Wijsbegeerte
631,Poland,Uniwersytet im. Adama Mickiewicza,Faculteit Theologie en Religiewetensch.
632,Poland,Uniwersytet im. Adama Mickiewicza,Fac. Psychologie en Pedagogische Wet.
633,Poland,Politechnika Warszawska,Faculteit Ingenieurswetenschappen
634,Poland,Szkola Wyzsza Psychologii Spolecznej,Fac. Psychologie en Pedagogische Wet.
635,Poland,Uniwersytet Warszawski,Faculteit Economie en Bedrijfswetensch.
636,Poland,John Paul II Catholic University of Lubl,Faculteit Letteren
637,Poland,Uniwersytet Jagiellonski,Fac. Psychologie en Pedagogische Wet.
638,Poland,Wyzsza Szkola Pedagogiki Specjalnej Im.,Faculteit Rechtsgeleerdheid
639,Poland,Uniwersytet Opolski,Faculteit Theologie en Religiewetensch.
640,Poland,Uniwersytet Warszawski,Faculteit Letteren
641,Poland,Uniwersytet Wroclawski,Faculteit Letteren
642,Poland,Uniwersytet Wroclawski,Faculteit Letteren
643,Poland,Uniwersytet im. Adama Mickiewicza,Faculteit Wetenschappen
644,Poland,Uniwersytet im. Adama Mickiewicza,Faculteit Wetenschappen
645,Poland,Szkola Wyzsza Psychologii Spolecznej,Fac. Psychologie en Pedagogische Wet.
646,Poland,Uniwersytet Gdanski,Faculteit Rechtsgeleerdheid
647,Poland,John Paul II Catholic University of Lubl,Faculteit Letteren
648,Poland,Uniwersytet Wroclawski,Faculteit Letteren
649,Poland,Uniwersytet Kardynala Stefana Wyszkynski,Faculteit Sociale Wetenschappen
650,Poland,Uniwersytet Kardynala Stefana Wyszkynski,Faculteit Sociale Wetenschappen
651,Poland,Szkola Glowna Gospodarstwa Wiejskiego,Faculteit Bio-ingenieurswetenschappen
652,Poland,Uniwersytet Gdanski,Fac. Psychologie en Pedagogische Wet.
653,Poland,Uniwersytet Warszawski,Fac. Psychologie en Pedagogische Wet.
654,Poland,Uniwersytet Warszawski,Faculteit Economie en Bedrijfswetensch.
655,Poland,Politechnika Gdanska,Faculteit Wetenschappen
656,Poland,Szkola Glowna Gospodarstwa Wiejskiego,Faculteit Bio-ingenieurswetenschappen
657,Poland,Uniwersytet Opolski,Faculteit Theologie en Religiewetensch.
658,Poland,John Paul II Catholic University of Lubl,Faculteit Rechtsgeleerdheid
659,Poland,John Paul II Catholic University of Lubl,Faculteit Rechtsgeleerdheid
660,Poland,Uniwersytet Gdanski,Faculteit Wetenschappen
661,Poland,Uniwersytet Warszawski,Faculteit Letteren
662,Poland,John Paul II Catholic University of Lubl,Faculteit Theologie en Religiewetensch.
663,Poland,Uniwersytet Jagiellonski,Fac. Psychologie en Pedagogische Wet.
664,Poland,Uniwersytet Jagiellonski,Fac. Psychologie en Pedagogische Wet.
665,Poland,Uniwersytet Warszawski,Fac. Psychologie en Pedagogische Wet.
666,Poland,John Paul II Catholic University of Lubl,Faculteit Letteren
667,Poland,John Paul II Catholic University of Lubl,Fac. Psychologie en Pedagogische Wet.
668,Poland,John Paul II Catholic University of Lubl,Faculteit Letteren
669,Poland,John Paul II Catholic University of Lubl,Fac. Psychologie en Pedagogische Wet.
670,Poland,John Paul II Catholic University of Lubl,Faculteit Letteren
671,Poland,John Paul II Catholic University of Lubl,Faculteit Letteren
672,Poland,Uniwersytet Warszawski,Fac. Psychologie en Pedagogische Wet.
673,Poland,John Paul II Catholic University of Lubl,Fac. Psychologie en Pedagogische Wet.
674,Poland,John Paul II Catholic University of Lubl,Faculteit Letteren
675,Poland,John Paul II Catholic University of Lubl,Faculteit Letteren
676,Poland,John Paul II Catholic University of Lubl,Fac. Psychologie en Pedagogische Wet.
677,Poland,Uniwersytet Warszawski,Fac. Psychologie en Pedagogische Wet.
678,Poland,Uniwersytet Kardynala Stefana Wyszkynski,Fac. Psychologie en Pedagogische Wet.
679,Poland,Uniwersytet im. Adama Mickiewicza,Faculteit Theologie en Religiewetensch.
680,Poland,Szkola Glowna Gospodarstwa Wiejskiego,Faculteit Bio-ingenieurswetenschappen
681,Poland,Uniwersytet Gdanski,Faculteit Sociale Wetenschappen
682,Poland,Uniwersytet im. Adama Mickiewicza,Fac. Psychologie en Pedagogische Wet.
683,Poland,Uniwersytet Jagiellonski,Faculteit Letteren
684,Portugal,Universidade de Coimbra,Faculteit Rechtsgeleerdheid
685,Portugal,Universidade do Porto,Faculteit Geneeskunde
686,Portugal,Universidade Cat�lica Portuguesa,Faculteit Rechtsgeleerdheid
687,Portugal,Universidade Cat�lica Portuguesa,Faculteit Rechtsgeleerdheid
688,Portugal,Universidade de Coimbra,Faculteit Rechtsgeleerdheid
689,Portugal,Universidade Nova de Lisboa,Faculteit Economie en Bedrijfswetensch.
690,Portugal,Universidade de Coimbra,Faculteit Rechtsgeleerdheid
691,Portugal,Universidade Nova de Lisboa,Faculteit Economie en Bedrijfswetensch.
692,Portugal,Universidade de Coimbra,Faculteit Rechtsgeleerdheid
693,Portugal,Universidade do Porto,Faculteit Ingenieurswetenschappen
694,Portugal,Universidade do Porto,Faculteit Ingenieurswetenschappen
695,Portugal,Universidade do Minho,Faculteit Geneeskunde
696,Portugal,Universidade do Minho,Faculteit Ingenieurswetenschappen
697,Portugal,Universidade do Minho,Faculteit Geneeskunde
698,Portugal,Universidade T�cnica de Lisboa,Faculteit Bio-ingenieurswetenschappen
699,Portugal,Universidade do Minho,Faculteit Ingenieurswetenschappen
700,Portugal,Universidade T�cnica de Lisboa,Faculteit Wetenschappen
701,Portugal,Universidade de Lisboa,Fac. Psychologie en Pedagogische Wet.
702,Portugal,Universidade de Lisboa,Fac. Psychologie en Pedagogische Wet.
703,Portugal,Universidade do Minho,Faculteit Ingenieurswetenschappen
704,Portugal,Universidade T�cnica de Lisboa,Faculteit Bio-ingenieurswetenschappen
705,Portugal,Universidade T�cnica de Lisboa,Faculteit Bio-ingenieurswetenschappen
706,Portugal,Universidade T�cnica de Lisboa,Faculteit Bio-ingenieurswetenschappen
707,Portugal,Universidade do Porto,Fac. Psychologie en Pedagogische Wet.
708,Portugal,Universidade do Porto,Fac. Psychologie en Pedagogische Wet.
709,Portugal,Universidade de Coimbra,Faculteit Ingenieurswetenschappen
710,Portugal,Universidade de Coimbra,Faculteit Ingenieurswetenschappen
711,Portugal,Universidade T�cnica de Lisboa,Faculteit Wetenschappen
712,Portugal,Universidade Nova de Lisboa,Faculteit Geneeskunde
713,Portugal,Universidade de Coimbra,Faculteit Rechtsgeleerdheid
714,Portugal,Universidade de Coimbra,Fac. Psychologie en Pedagogische Wet.
715,Portugal,Universidade de Coimbra,Fac. Psychologie en Pedagogische Wet.
716,Portugal,Universidade de Coimbra,Fac. Psychologie en Pedagogische Wet.
717,Romania,Universitatea din Bucuresti,Faculteit Wetenschappen
718,Romania,Universitatea de Nord din Baia Mare,Faculteit Theologie en Religiewetensch.
719,Romania,Universitatea Tehnica Cluj-Napoca,Faculteit Ingenieurswetenschappen
"720,Romania,""Institutul de Architectura """"Ion Mincu"""" din Bucuresti"",Faculteit Ingenieurswetenschappen"
"721,Romania,""Institutul de Architectura """"Ion Mincu"""" d"",Faculteit Ingenieurswetenschappen"
722,Romania,Universitatea din Oradea,Faculteit Theologie en Religiewetensch.
"723,Romania,""""""Universitatea """"""""Ovidius"""""""" Constanta"""""",Faculteit Wetenschappen"
724,Sweden,Kungliga Tekniska H�gskolan,Faculteit Ingenieurswetenschappen
725,Sweden,Lunds Universitet,Faculteit Rechtsgeleerdheid
726,Sweden,Lunds Universitet,Faculteit Rechtsgeleerdheid
727,Sweden,Ume� Universitet,Faculteit Economie en Bedrijfswetensch.
728,Sweden,Uppsala Universitet,Faculteit Economie en Bedrijfswetensch.
729,Sweden,G�teborgs Unversitet,Faculteit Economie en Bedrijfswetensch.
730,Sweden,Uppsala Universitet,Faculteit Economie en Bedrijfswetensch.
731,Sweden,Stockholms Universitet,Faculteit Rechtsgeleerdheid
732,Sweden,Lunds Universitet,Faculteit Sociale Wetenschappen
733,Sweden,Ume� Universitet,Faculteit Economie en Bedrijfswetensch.
734,Sweden,G�teborgs Unversitet,Faculteit Economie en Bedrijfswetensch.
735,Sweden,Ume� Universitet,Faculteit Economie en Bedrijfswetensch.
736,Sweden,G�teborgs Unversitet,Faculteit Economie en Bedrijfswetensch.
737,Sweden,Stockholms Universitet,Faculteit Rechtsgeleerdheid
738,Sweden,Stockholms Universitet,Faculteit Wetenschappen
739,Sweden,Ume� Universitet,Faculteit Economie en Bedrijfswetensch.
740,Sweden,Lunds Universitet,Faculteit Rechtsgeleerdheid
741,Sweden,Lunds Universitet,Faculteit Rechtsgeleerdheid
742,Sweden,Chalmers Tekniska H�gskola,Faculteit Bio-ingenieurswetenschappen
743,Slovenia,Univerza v Ljubljani,Faculteit Rechtsgeleerdheid
744,Slovenia,Univerza v Ljubljani,Faculteit Rechtsgeleerdheid
745,Slovenia,Univerza v Ljubljani,Faculteit Theologie en Religiewetensch.
746,Slovenia,Univerza v Ljubljani,Faculteit Sociale Wetenschappen
747,Slovenia,Univerza v Ljubljani,Faculteit Sociale Wetenschappen
748,Slovenia,Univerza v Ljubljani,Faculteit Sociale Wetenschappen
749,Slovakia,Univerzita Mateja Bela,Faculteit Sociale Wetenschappen
750,Slovakia,Univerzita Mateja Bela,Faculteit Sociale Wetenschappen
751,Slovakia,Trnavsk� Univerzita v Trnave,Faculteit Theologie en Religiewetensch.
752,Slovakia,Trnavsk� Univerzita v Trnave,Faculteit Theologie en Religiewetensch.
753,Slovakia,Katol�cka Univerzita V Ruzomberku,Faculteit Theologie en Religiewetensch.
754,Slovakia,Univerzita Konstant�na Filozofa v Nitre,Faculteit Letteren
755,Slovakia,Univerzita Konstant�na Filozofa v Nitre,Faculteit Letteren
756,Slovakia,Univerzita Mateja Bela,Faculteit Sociale Wetenschappen
757,Slovakia,Slovensk� Technick� Univerzita v Bratisl,Faculteit Ingenieurswetenschappen
758,Slovakia,Slovensk� Technick� Univerzita v Bratisl,Faculteit Ingenieurswetenschappen
759,Slovakia,Trnavsk� Univerzita v Trnave,Faculteit Theologie en Religiewetensch.
760,Slovakia,Trnavsk� Univerzita v Trnave,Faculteit Theologie en Religiewetensch.
761,Turkey,Bilkent �niversitesi,Faculteit Rechtsgeleerdheid
762,Turkey,Bogazi�i University,Fac. Psychologie en Pedagogische Wet.
763,Turkey,Istanbul Technical University,Faculteit Ingenieurswetenschappen
764,Turkey,Bogazi�i University,Faculteit Ingenieurswetenschappen
765,Turkey,Middle East Technical University,Faculteit Ingenieurswetenschappen
766,Turkey,Istanbul Technical University,Faculteit Ingenieurswetenschappen
767,Turkey,Middle East Technical University,Faculteit Ingenieurswetenschappen
768,Turkey,Istanbul Technical University,Faculteit Ingenieurswetenschappen
769,Turkey,Izmir Y�ksek Teknoloji Enstit�s�,Faculteit Ingenieurswetenschappen
770,Turkey,Eskisehir Osmangazi Universitesi,Faculteit Farmaceutische Wetenschappen
771,Turkey,Eskisehir Osmangazi Universitesi,Faculteit Farmaceutische Wetenschappen
772,Turkey,Ankara �niversitesi,Faculteit Rechtsgeleerdheid
773,Turkey,Ankara �niversitesi,Faculteit Rechtsgeleerdheid
